[{"name":"Default","description":"","filterSetList":[{"name":"NewFormat","description":"","filterTree":[{"index":1,"canMove":true,"canRename":false,"isFolder":false},{"index":3,"canMove":true,"canRename":false,"isFolder":false,"data":{"operation":"Contains","label":"Set Requisites","value":"ScenarioEngineHttp. url:http://localhost:5555/api/Payment/SetPaymentRequisites","actionName":"test","logicalExpression":""}},{"index":4,"canMove":true,"canRename":false,"isFolder":false,"data":{"operation":"Contains","label":"MakePayment","value":"ScenarioEngineHttp. url:http://localhost:5555/api/Payment/MakePayment","logicalExpression":"d.Contains(d.CurrentPaymentGuid)"}},{"index":"root","canMove":true,"canRename":false,"isFolder":true,"children":[1,3,4]}]},{"name":"test","description":"","filterTree":[{"index":1,"canMove":true,"canRename":false,"isFolder":false},{"index":3,"canMove":true,"canRename":false,"isFolder":false,"data":{"operation":"Contains","label":"producing","value":"Producing "}},{"index":4,"canMove":true,"canRename":false,"isFolder":false,"data":{"operation":"Contains","label":"New element","value":""}},{"index":5,"canMove":true,"canRename":false,"isFolder":false,"data":{"operation":"Contains","label":"New element","value":""}},{"index":"root","canMove":true,"canRename":false,"isFolder":true,"children":[1,3,4,5]}]},{"name":"Test2","description":"","filterTree":[{"index":1,"canMove":true,"canRename":false,"isFolder":true,"children":[3]},{"index":2,"canMove":true,"canRename":false,"isFolder":true,"children":[4]},{"index":3,"isFolder":false,"data":{"operation":"Contains","label":"New element","value":""}},{"index":4,"isFolder":false,"data":{"operation":"Contains","label":"New element","value":""}},{"index":5,"isFolder":true,"data":{"operation":"Contains","label":"New element","value":""},"children":[6]},{"index":6,"isFolder":false,"data":{"operation":"Contains","label":"New element","value":""}},{"index":"root","canMove":true,"canRename":false,"isFolder":true,"children":[1,2,5]}]}]},{"name":"Iumi","description":"","filterSetList":[{"name":"test","description":"","filterTree":[{"index":1,"canMove":true,"canRename":false,"isFolder":false},{"index":5,"canMove":true,"canRename":false,"isFolder":false,"data":{"operation":"Contains","label":"New element","value":""}},{"index":6,"canMove":true,"canRename":false,"isFolder":false,"data":{"operation":"Contains","label":"New element","value":""}},{"index":7,"canMove":true,"canRename":false,"isFolder":false,"data":{"operation":"Contains","label":"New element","value":""}},{"index":"root","canMove":true,"canRename":false,"isFolder":true,"children":[1,5,6,7]}]},{"name":"ReceiveBanknotes","description":"","filterTree":[{"index":1,"canMove":true,"canRename":false,"isFolder":false},{"index":3,"canMove":true,"canRename":false,"isFolder":false,"data":{"operation":"Contains","label":"Set Requisites","value":"ScenarioEngineHttp. url:http://localhost:5555/api/Payment/SetPaymentRequisites","actionName":"ReadPaymentGuid","logicalExpression":""}},{"index":4,"canMove":true,"canRename":false,"isFolder":false,"data":{"operation":"Contains","label":"MakePayment","value":"ScenarioEngineHttp. url:http://localhost:5555/api/Payment/MakePayment","logicalExpression":"d.Contains(d.CurrentPaymentGuid)","actionName":"ProcessPaymentRecord"}},{"index":"root","canMove":true,"canRename":false,"isFolder":true,"children":[1,3,4]}]}]}]